Thu Feb 26 00:01:04 PST 2026,scout,ollama/qwen3:30b-a3b,63s,LOCAL_OLLAMA
Thu Feb 26 00:06:29 PST 2026,librarian,bird-cli,26_items,X_API
Thu Feb 26 00:26:59 PST 2026,forge,ollama/qwen3-coder:30b,419s,LOCAL_OLLAMA
Thu Feb 26 00:46:22 PST 2026,pulse,ollama/qwen3:14b,382s,LOCAL_OLLAMA
Thu Feb 26 02:00:16 PST 2026,scout,ollama/qwen3:30b-a3b,16s,LOCAL_OLLAMA
Thu Feb 26 02:50:39 PST 2026,pulse,ollama/qwen3:14b,639s,LOCAL_OLLAMA
Thu Feb 26 04:18:00 PST 2026,scout,ollama/qwen3:30b-a3b,1079s,LOCAL_OLLAMA
Thu Feb 26 04:30:18 PST 2026,forge,ollama/qwen3-coder:30b,617s,LOCAL_OLLAMA
Thu Feb 26 04:50:37 PST 2026,pulse,ollama/qwen3:14b,637s,LOCAL_OLLAMA
Thu Feb 26 06:17:50 PST 2026,scout,ollama/qwen3:30b-a3b,1070s,LOCAL_OLLAMA
Thu Feb 26 06:30:18 PST 2026,forge,ollama/qwen3-coder:30b,617s,LOCAL_OLLAMA
Thu Feb 26 06:50:37 PST 2026,pulse,ollama/qwen3:14b,637s,LOCAL_OLLAMA
Thu Feb 26 08:00:05 PST 2026,scout,ollama/qwen3:30b-a3b,5s,LOCAL_OLLAMA
Thu Feb 26 08:30:11 PST 2026,forge,ollama/qwen3-coder:30b,611s,LOCAL_OLLAMA
Thu Feb 26 08:46:42 PST 2026,pulse,ollama/qwen3:14b,402s,LOCAL_OLLAMA
Thu Feb 26 10:00:22 PST 2026,scout,ollama/qwen3:30b-a3b,22s,LOCAL_OLLAMA
Thu Feb 26 10:26:53 PST 2026,forge,ollama/qwen3-coder:30b,413s,LOCAL_OLLAMA
Thu Feb 26 10:50:36 PST 2026,pulse,ollama/qwen3:14b,636s,LOCAL_OLLAMA
Thu Feb 26 12:25:11 PST 2026,scout,ollama/qwen3:30b-a3b,1511s,LOCAL_OLLAMA
Thu Feb 26 12:30:10 PST 2026,forge,ollama/qwen3-coder:30b,610s,LOCAL_OLLAMA
Thu Feb 26 14:02:44 PST 2026,scout,ollama/qwen3:30b-a3b,164s,LOCAL_OLLAMA
Thu Feb 26 14:20:03 PST 2026,forge,ollama/qwen3-coder:30b,3s,LOCAL_OLLAMA
Thu Feb 26 16:00:02 PST 2026,scout,ollama/qwen3:30b-a3b,2s,LOCAL_OLLAMA
Thu Feb 26 16:20:02 PST 2026,forge,ollama/qwen3-coder:30b,2s,LOCAL_OLLAMA
Thu Feb 26 18:00:04 PST 2026,scout,ollama/qwen3:30b-a3b,4s,LOCAL_OLLAMA
Thu Feb 26 18:20:02 PST 2026,forge,ollama/qwen3-coder:30b,2s,LOCAL_OLLAMA
Thu Feb 26 20:00:02 PST 2026,scout,ollama/qwen3:30b-a3b,2s,LOCAL_OLLAMA
Thu Feb 26 20:20:02 PST 2026,forge,ollama/qwen3-coder:30b,2s,LOCAL_OLLAMA
Thu Feb 26 22:00:08 PST 2026,scout,ollama/qwen3:30b-a3b,7s,LOCAL_OLLAMA
Thu Feb 26 22:20:03 PST 2026,forge,ollama/qwen3-coder:30b,3s,LOCAL_OLLAMA
Fri Feb 27 08:00:04 PST 2026,scout,ollama/qwen3:30b-a3b,4s,LOCAL_OLLAMA
Fri Feb 27 08:20:03 PST 2026,forge,ollama/qwen3-coder:30b,3s,LOCAL_OLLAMA
Fri Feb 27 10:00:02 PST 2026,scout,ollama/qwen3:30b-a3b,2s,LOCAL_OLLAMA
Fri Feb 27 10:20:02 PST 2026,forge,ollama/qwen3-coder:30b,2s,LOCAL_OLLAMA
Fri Feb 27 12:00:02 PST 2026,scout,ollama/qwen3:30b-a3b,2s,LOCAL_OLLAMA
Fri Feb 27 12:20:02 PST 2026,forge,ollama/qwen3-coder:30b,1s,LOCAL_OLLAMA
Fri Feb 27 14:00:03 PST 2026,scout,ollama/qwen3:30b-a3b,2s,LOCAL_OLLAMA
Fri Feb 27 14:20:02 PST 2026,forge,ollama/qwen3-coder:30b,2s,LOCAL_OLLAMA
Fri Feb 27 16:00:02 PST 2026,scout,ollama/qwen3:30b-a3b,2s,LOCAL_OLLAMA
Fri Feb 27 16:20:02 PST 2026,forge,ollama/qwen3-coder:30b,2s,LOCAL_OLLAMA
Fri Feb 27 18:00:02 PST 2026,scout,ollama/qwen3:30b-a3b,2s,LOCAL_OLLAMA
Fri Feb 27 18:20:02 PST 2026,forge,ollama/qwen3-coder:30b,2s,LOCAL_OLLAMA
Fri Feb 27 20:00:02 PST 2026,scout,ollama/qwen3:30b-a3b,1s,LOCAL_OLLAMA
Fri Feb 27 20:20:02 PST 2026,forge,ollama/qwen3-coder:30b,2s,LOCAL_OLLAMA
